question,answer
Which fertilizer is best for rice?,"For Rice, the recommended fertilizers are: Urea (Nitrogen 46%), DAP (Diammonium Phosphate), Potash. Apply in split doses for better results."
What is the NPK requirement for rice cultivation?,"Rice requires Urea (Nitrogen 46%), DAP (Diammonium Phosphate), Potash. Apply nitrogen in 2-3 splits, phosphorus at basal, and potassium at critical growth stages."
How much urea should I use for rice?,"For Rice, urea application depends on soil test results. Generally, Urea (Nitrogen 46%), DAP (Diammonium Phosphate), Potash is recommended. Apply 40-50% as basal and rest in splits."
Which fertilizer is best for wheat?,"For Wheat, the recommended fertilizers are: NPK (12:32:16), Urea, DAP. Apply in split doses for better results."
What is the NPK requirement for wheat cultivation?,"Wheat requires NPK (12:32:16), Urea, DAP. Apply nitrogen in 2-3 splits, phosphorus at basal, and potassium at critical growth stages."
How much urea should I use for wheat?,"For Wheat, urea application depends on soil test results. Generally, NPK (12:32:16), Urea, DAP is recommended. Apply 40-50% as basal and rest in splits."
Which fertilizer is best for cotton?,"For Cotton, the recommended fertilizers are: Urea, SSP (Single Super Phosphate), Muriate of Potash. Apply in split doses for better results."
What is the NPK requirement for cotton cultivation?,"Cotton requires Urea, SSP (Single Super Phosphate), Muriate of Potash. Apply nitrogen in 2-3 splits, phosphorus at basal, and potassium at critical growth stages."
How much urea should I use for cotton?,"For Cotton, urea application depends on soil test results. Generally, Urea, SSP (Single Super Phosphate), Muriate of Potash is recommended. Apply 40-50% as basal and rest in splits."
Which fertilizer is best for sugarcane?,"For Sugarcane, the recommended fertilizers are: NPK (15:15:15), Urea, Compost. Apply in split doses for better results."
What is the NPK requirement for sugarcane cultivation?,"Sugarcane requires NPK (15:15:15), Urea, Compost. Apply nitrogen in 2-3 splits, phosphorus at basal, and potassium at critical growth stages."
How much urea should I use for sugarcane?,"For Sugarcane, urea application depends on soil test results. Generally, NPK (15:15:15), Urea, Compost is recommended. Apply 40-50% as basal and rest in splits."
Which fertilizer is best for maize?,"For Maize, the recommended fertilizers are: DAP, Urea, Zinc Sulphate. Apply in split doses for better results."
What is the NPK requirement for maize cultivation?,"Maize requires DAP, Urea, Zinc Sulphate. Apply nitrogen in 2-3 splits, phosphorus at basal, and potassium at critical growth stages."
How much urea should I use for maize?,"For Maize, urea application depends on soil test results. Generally, DAP, Urea, Zinc Sulphate is recommended. Apply 40-50% as basal and rest in splits."
Which fertilizer is best for tomato?,"For Tomato, the recommended fertilizers are: NPK (19:19:19), Calcium Nitrate, Micronutrients. Apply in split doses for better results."
What is the NPK requirement for tomato cultivation?,"Tomato requires NPK (19:19:19), Calcium Nitrate, Micronutrients. Apply nitrogen in 2-3 splits, phosphorus at basal, and potassium at critical growth stages."
How much urea should I use for tomato?,"For Tomato, urea application depends on soil test results. Generally, NPK (19:19:19), Calcium Nitrate, Micronutrients is recommended. Apply 40-50% as basal and rest in splits."
Which fertilizer is best for potato?,"For Potato, the recommended fertilizers are: NPK (10:26:26), Urea, FYM (Farm Yard Manure). Apply in split doses for better results."
What is the NPK requirement for potato cultivation?,"Potato requires NPK (10:26:26), Urea, FYM (Farm Yard Manure). Apply nitrogen in 2-3 splits, phosphorus at basal, and potassium at critical growth stages."
How much urea should I use for potato?,"For Potato, urea application depends on soil test results. Generally, NPK (10:26:26), Urea, FYM (Farm Yard Manure) is recommended. Apply 40-50% as basal and rest in splits."
What soil type is suitable for rice?,"Rice grows best in Clay loam, alluvial soil. Ensure proper pH (6.0-7.5) and good organic matter content."
How to prepare soil for rice cultivation?,"For Rice, plow the field 2-3 times to achieve fine tilth. Clay loam, alluvial soil is ideal. Add FYM @ 10-15 tons/hectare and ensure proper drainage."
What is the ideal pH for rice?,"Rice prefers soil pH between 6.0-7.5. Test your soil and add lime if acidic or gypsum if alkaline. Clay loam, alluvial soil works best."
What soil type is suitable for wheat?,Wheat grows best in Loamy soil with good drainage. Ensure proper pH (6.0-7.5) and good organic matter content.
How to prepare soil for wheat cultivation?,"For Wheat, plow the field 2-3 times to achieve fine tilth. Loamy soil with good drainage is ideal. Add FYM @ 10-15 tons/hectare and ensure proper drainage."
What is the ideal pH for wheat?,Wheat prefers soil pH between 6.0-7.5. Test your soil and add lime if acidic or gypsum if alkaline. Loamy soil with good drainage works best.
What soil type is suitable for cotton?,Cotton grows best in Black cotton soil (Regur). Ensure proper pH (6.0-7.5) and good organic matter content.
How to prepare soil for cotton cultivation?,"For Cotton, plow the field 2-3 times to achieve fine tilth. Black cotton soil (Regur) is ideal. Add FYM @ 10-15 tons/hectare and ensure proper drainage."
What is the ideal pH for cotton?,Cotton prefers soil pH between 6.0-7.5. Test your soil and add lime if acidic or gypsum if alkaline. Black cotton soil (Regur) works best.
What soil type is suitable for sugarcane?,Sugarcane grows best in Rich loamy soil. Ensure proper pH (6.0-7.5) and good organic matter content.
How to prepare soil for sugarcane cultivation?,"For Sugarcane, plow the field 2-3 times to achieve fine tilth. Rich loamy soil is ideal. Add FYM @ 10-15 tons/hectare and ensure proper drainage."
What is the ideal pH for sugarcane?,Sugarcane prefers soil pH between 6.0-7.5. Test your soil and add lime if acidic or gypsum if alkaline. Rich loamy soil works best.
What soil type is suitable for maize?,Maize grows best in Well-drained loamy soil. Ensure proper pH (6.0-7.5) and good organic matter content.
How to prepare soil for maize cultivation?,"For Maize, plow the field 2-3 times to achieve fine tilth. Well-drained loamy soil is ideal. Add FYM @ 10-15 tons/hectare and ensure proper drainage."
What is the ideal pH for maize?,Maize prefers soil pH between 6.0-7.5. Test your soil and add lime if acidic or gypsum if alkaline. Well-drained loamy soil works best.
What soil type is suitable for soybean?,Soybean grows best in Medium black to red soil. Ensure proper pH (6.0-7.5) and good organic matter content.
How to prepare soil for soybean cultivation?,"For Soybean, plow the field 2-3 times to achieve fine tilth. Medium black to red soil is ideal. Add FYM @ 10-15 tons/hectare and ensure proper drainage."
What is the ideal pH for soybean?,Soybean prefers soil pH between 6.0-7.5. Test your soil and add lime if acidic or gypsum if alkaline. Medium black to red soil works best.
What soil type is suitable for tomato?,Tomato grows best in Well-drained sandy loam. Ensure proper pH (6.0-7.5) and good organic matter content.
How to prepare soil for tomato cultivation?,"For Tomato, plow the field 2-3 times to achieve fine tilth. Well-drained sandy loam is ideal. Add FYM @ 10-15 tons/hectare and ensure proper drainage."
What is the ideal pH for tomato?,Tomato prefers soil pH between 6.0-7.5. Test your soil and add lime if acidic or gypsum if alkaline. Well-drained sandy loam works best.
What soil type is suitable for potato?,Potato grows best in Sandy loam to loam soil. Ensure proper pH (6.0-7.5) and good organic matter content.
How to prepare soil for potato cultivation?,"For Potato, plow the field 2-3 times to achieve fine tilth. Sandy loam to loam soil is ideal. Add FYM @ 10-15 tons/hectare and ensure proper drainage."
What is the ideal pH for potato?,Potato prefers soil pH between 6.0-7.5. Test your soil and add lime if acidic or gypsum if alkaline. Sandy loam to loam soil works best.
What soil type is suitable for onion?,Onion grows best in Well-drained loamy soil. Ensure proper pH (6.0-7.5) and good organic matter content.
How to prepare soil for onion cultivation?,"For Onion, plow the field 2-3 times to achieve fine tilth. Well-drained loamy soil is ideal. Add FYM @ 10-15 tons/hectare and ensure proper drainage."
What is the ideal pH for onion?,Onion prefers soil pH between 6.0-7.5. Test your soil and add lime if acidic or gypsum if alkaline. Well-drained loamy soil works best.
What soil type is suitable for chilli?,Chilli grows best in Sandy loam with good drainage. Ensure proper pH (6.0-7.5) and good organic matter content.
How to prepare soil for chilli cultivation?,"For Chilli, plow the field 2-3 times to achieve fine tilth. Sandy loam with good drainage is ideal. Add FYM @ 10-15 tons/hectare and ensure proper drainage."
What is the ideal pH for chilli?,Chilli prefers soil pH between 6.0-7.5. Test your soil and add lime if acidic or gypsum if alkaline. Sandy loam with good drainage works best.
How often should I irrigate rice?,"For Rice, Flood irrigation, requires standing water (5-10 cm). Monitor soil moisture and adjust based on weather conditions."
What is the best irrigation method for rice?,"Flood irrigation, requires standing water (5-10 cm). This ensures optimal water use efficiency for Rice."
When is the critical irrigation stage for rice?,"For Rice, Flood irrigation, requires standing water (5-10 cm). The critical stages are flowering, grain filling, and pod development."
How often should I irrigate wheat?,"For Wheat, Sprinkler or furrow irrigation, 4-6 irrigations needed. Monitor soil moisture and adjust based on weather conditions."
What is the best irrigation method for wheat?,"Sprinkler or furrow irrigation, 4-6 irrigations needed. This ensures optimal water use efficiency for Wheat."
When is the critical irrigation stage for wheat?,"For Wheat, Sprinkler or furrow irrigation, 4-6 irrigations needed. The critical stages are flowering, grain filling, and pod development."
How often should I irrigate cotton?,"For Cotton, Drip irrigation preferred, critical at flowering stage. Monitor soil moisture and adjust based on weather conditions."
What is the best irrigation method for cotton?,"Drip irrigation preferred, critical at flowering stage. This ensures optimal water use efficiency for Cotton."
When is the critical irrigation stage for cotton?,"For Cotton, Drip irrigation preferred, critical at flowering stage. The critical stages are flowering, grain filling, and pod development."
How often should I irrigate sugarcane?,"For Sugarcane, Furrow irrigation every 7-10 days. Monitor soil moisture and adjust based on weather conditions."
What is the best irrigation method for sugarcane?,Furrow irrigation every 7-10 days. This ensures optimal water use efficiency for Sugarcane.
When is the critical irrigation stage for sugarcane?,"For Sugarcane, Furrow irrigation every 7-10 days. The critical stages are flowering, grain filling, and pod development."
How often should I irrigate maize?,"For Maize, Drip or sprinkler, water at knee-high and tasseling stage. Monitor soil moisture and adjust based on weather conditions."
What is the best irrigation method for maize?,"Drip or sprinkler, water at knee-high and tasseling stage. This ensures optimal water use efficiency for Maize."
When is the critical irrigation stage for maize?,"For Maize, Drip or sprinkler, water at knee-high and tasseling stage. The critical stages are flowering, grain filling, and pod development."
How often should I irrigate tomato?,"For Tomato, Drip irrigation, consistent moisture needed. Monitor soil moisture and adjust based on weather conditions."
What is the best irrigation method for tomato?,"Drip irrigation, consistent moisture needed. This ensures optimal water use efficiency for Tomato."
When is the critical irrigation stage for tomato?,"For Tomato, Drip irrigation, consistent moisture needed. The critical stages are flowering, grain filling, and pod development."
How often should I irrigate potato?,"For Potato, Furrow irrigation, avoid waterlogging. Monitor soil moisture and adjust based on weather conditions."
What is the best irrigation method for potato?,"Furrow irrigation, avoid waterlogging. This ensures optimal water use efficiency for Potato."
When is the critical irrigation stage for potato?,"For Potato, Furrow irrigation, avoid waterlogging. The critical stages are flowering, grain filling, and pod development."
How to control pests in rice?,"Common pests in Rice: Stem borer - Use Chlorpyrifos, Brown plant hopper - Use Imidacloprid. Always use recommended doses and follow safety precautions."
What are common diseases in rice?,"In Rice, watch for: Stem borer - Use Chlorpyrifos, Brown plant hopper - Use Imidacloprid. Use integrated pest management (IPM) practices."
Organic pest control for rice?,"For Rice, use neem oil spray (5 ml/liter), install pheromone traps, encourage natural predators. Chemical option: Stem borer - Use Chlorpyrifos, Brown plant hopper - Use Imidacloprid"
How to control pests in wheat?,"Common pests in Wheat: Aphids - Use Dimethoate, Termites - Use Chlorpyrifos. Always use recommended doses and follow safety precautions."
What are common diseases in wheat?,"In Wheat, watch for: Aphids - Use Dimethoate, Termites - Use Chlorpyrifos. Use integrated pest management (IPM) practices."
Organic pest control for wheat?,"For Wheat, use neem oil spray (5 ml/liter), install pheromone traps, encourage natural predators. Chemical option: Aphids - Use Dimethoate, Termites - Use Chlorpyrifos"
How to control pests in cotton?,"Common pests in Cotton: Bollworm - Use Bt cotton or Cypermethrin, Whitefly - Use Neem oil. Always use recommended doses and follow safety precautions."
What are common diseases in cotton?,"In Cotton, watch for: Bollworm - Use Bt cotton or Cypermethrin, Whitefly - Use Neem oil. Use integrated pest management (IPM) practices."
Organic pest control for cotton?,"For Cotton, use neem oil spray (5 ml/liter), install pheromone traps, encourage natural predators. Chemical option: Bollworm - Use Bt cotton or Cypermethrin, Whitefly - Use Neem oil"
How to control pests in tomato?,"Common pests in Tomato: Fruit borer - Use Spinosad, Whitefly - Use Yellow sticky traps. Always use recommended doses and follow safety precautions."
What are common diseases in tomato?,"In Tomato, watch for: Fruit borer - Use Spinosad, Whitefly - Use Yellow sticky traps. Use integrated pest management (IPM) practices."
Organic pest control for tomato?,"For Tomato, use neem oil spray (5 ml/liter), install pheromone traps, encourage natural predators. Chemical option: Fruit borer - Use Spinosad, Whitefly - Use Yellow sticky traps"
How to control pests in potato?,"Common pests in Potato: Late blight - Use Mancozeb fungicide, Aphids - Use Neem extract. Always use recommended doses and follow safety precautions."
What are common diseases in potato?,"In Potato, watch for: Late blight - Use Mancozeb fungicide, Aphids - Use Neem extract. Use integrated pest management (IPM) practices."
Organic pest control for potato?,"For Potato, use neem oil spray (5 ml/liter), install pheromone traps, encourage natural predators. Chemical option: Late blight - Use Mancozeb fungicide, Aphids - Use Neem extract"
How to control pests in chilli?,"Common pests in Chilli: Thrips - Use Fipronil, Fruit borer - Use Bacillus thuringiensis. Always use recommended doses and follow safety precautions."
What are common diseases in chilli?,"In Chilli, watch for: Thrips - Use Fipronil, Fruit borer - Use Bacillus thuringiensis. Use integrated pest management (IPM) practices."
Organic pest control for chilli?,"For Chilli, use neem oil spray (5 ml/liter), install pheromone traps, encourage natural predators. Chemical option: Thrips - Use Fipronil, Fruit borer - Use Bacillus thuringiensis"
When to plant rice?,Rice should be planted during Kharif (June-Oct) and Rabi (Nov-Feb). Prepare land 15-20 days before sowing.
What is the growing season for rice?,Rice grows in Kharif (June-Oct) and Rabi (Nov-Feb). Duration: 90-150 days depending on variety.
Best time to harvest rice?,Rice (Kharif (June-Oct) and Rabi (Nov-Feb)) is ready for harvest when: grains are hard (cereals) or fruits change color. Moisture content should be 18-20% for storage.
When to plant wheat?,Wheat should be planted during Rabi season (Oct-Nov sowing). Prepare land 15-20 days before sowing.
What is the growing season for wheat?,Wheat grows in Rabi season (Oct-Nov sowing). Duration: 90-150 days depending on variety.
Best time to harvest wheat?,Wheat (Rabi season (Oct-Nov sowing)) is ready for harvest when: grains are hard (cereals) or fruits change color. Moisture content should be 18-20% for storage.
When to plant cotton?,Cotton should be planted during Kharif season (May-June sowing). Prepare land 15-20 days before sowing.
What is the growing season for cotton?,Cotton grows in Kharif season (May-June sowing). Duration: 90-150 days depending on variety.
Best time to harvest cotton?,Cotton (Kharif season (May-June sowing)) is ready for harvest when: grains are hard (cereals) or fruits change color. Moisture content should be 18-20% for storage.
When to plant sugarcane?,"Sugarcane should be planted during Year-round, plant Feb-March or Oct-Nov. Prepare land 15-20 days before sowing."
What is the growing season for sugarcane?,"Sugarcane grows in Year-round, plant Feb-March or Oct-Nov. Duration: 90-150 days depending on variety."
Best time to harvest sugarcane?,"Sugarcane (Year-round, plant Feb-March or Oct-Nov) is ready for harvest when: grains are hard (cereals) or fruits change color. Moisture content should be 18-20% for storage."
When to plant maize?,Maize should be planted during Kharif and Rabi both seasons. Prepare land 15-20 days before sowing.
What is the growing season for maize?,Maize grows in Kharif and Rabi both seasons. Duration: 90-150 days depending on variety.
Best time to harvest maize?,Maize (Kharif and Rabi both seasons) is ready for harvest when: grains are hard (cereals) or fruits change color. Moisture content should be 18-20% for storage.
What is organic farming?,"Organic farming avoids synthetic chemicals. Use compost, green manure, bio-fertilizers, and biological pest control."
How to improve soil fertility?,"Add Farm Yard Manure (FYM), practice crop rotation, grow green manure crops like sunhemp, use bio-fertilizers."
What is drip irrigation?,"Drip irrigation delivers water directly to plant roots through emitters. Saves 40-60% water, reduces weeds, increases yield."
How to do soil testing?,"Collect soil samples from 15-20 spots at 6 inch depth. Mix well, send 500g to soil testing lab. Test for N, P, K, pH, organic carbon."
What is vermicompost?,"Vermicompost is organic fertilizer made using earthworms. Rich in nutrients, improves soil structure, increases microbial activity."
How to control weeds?,"Use pre-emergence herbicides, manual weeding, mulching, or inter-cultivation. For rice, use cono weeder."
What is integrated pest management?,"IPM combines biological, cultural, physical and chemical methods. Use pest monitoring, resistant varieties, natural enemies."
Benefits of crop rotation?,"Crop rotation breaks pest cycles, improves soil health, reduces disease, balances nutrient uptake. Example: Rice-Wheat-Pulses."
What is mulching?,"Mulching covers soil with organic/plastic material. Conserves moisture, controls weeds, regulates temperature, prevents erosion."
How to manage crop residue?,"Don't burn residues. Use as mulch, compost, or incorporate in soil. Burning causes pollution and nutrient loss."
"Yellow leaves in tomato plants, what to do?",Yellow leaves indicate nitrogen deficiency or overwatering. Apply urea @ 10g/plant and improve drainage.
How to increase cotton yield?,"Use high-yielding Bt varieties, maintain 90cm spacing, apply NPK as recommended, control pests, ensure adequate moisture."
Wheat crop turning yellow after flowering?,This could be rust disease. Spray Propiconazole fungicide immediately. Ensure proper nitrogen and avoid water stress.
How to store seeds?,"Dry seeds to 8-10% moisture. Store in airtight containers with neem leaves. Keep in cool, dry place."
What is precision farming?,"Precision farming uses GPS, sensors, and data analytics to optimize inputs. Apply fertilizers and water precisely where needed."
